{"cameraMode":{"drawMode":0,"name":"Shaded","section":"Shading Mode"},"sceneLighting":true,"audioPlay":false,"sceneViewState":{"showFog":false,"showMaterialUpdate":false,"showSkybox":false,"showFlares":false,"showImageEffects":false,"showParticleSystems":false},"in2DMode":false,"pivot":{"x":17.21728515625,"y":4.7324604988098148,"z":20.166488647460939},"rotation":{"x":-0.07653872668743134,"y":-0.07113127410411835,"z":0.005474522709846497,"w":-0.994511067867279},"size":64.97402954101563,"orthographic":false}