{"cameraMode":{"drawMode":0,"name":"Shaded","section":"Shading Mode"},"sceneLighting":true,"audioPlay":false,"sceneViewState":{"showFog":true,"showMaterialUpdate":false,"showSkybox":true,"showFlares":true,"showImageEffects":true,"showParticleSystems":true},"in2DMode":false,"pivot":{"x":0.030677437782287599,"y":1.09910249710083,"z":0.5055351853370667},"rotation":{"x":-0.0347786620259285,"y":0.7806136012077332,"z":-0.043611153960227969,"w":-0.622519850730896},"size":6.732456207275391,"orthographic":false}